channel_id,channel_title,video_id,title,published_at,description,tags,view_count,like_count,comment_count
UCe3qdG0A_gr-sEdat5y2twQ,CA Rachana Phadke Ranade,WWRIIIgfApc,Vikram 32 Explained | Why India‚Äôs Semiconductor Stocks Are Rallying? |  CA Rachana Ranade,2025-09-13T14:30:32Z,"‚úîÔ∏èRegister now for the Har Ghar Investor event in Ahilyanagar on 14th Sept 2025 (Session will be in Marathi) : 
https://in.bookmyshow.com/events/har-ghar-investor/ET00417577
For any queries drop a WhatsApp message on +919022196678

What you‚Äôll learn at the event: 
* How, where, and when to start investing
* New investment opportunities
* Use AI to become a smart researcher.
* Will ‚Çπ1 crore be enough for retirement?
* Stock market and mutual fund investments 
* My Nifty target
------------------------------------------------------------------------------------------------------------------
‚úîÔ∏èRegister now for the Har Ghar Investor event in Borivali on 27th Sept 2025: 
https://in.bookmyshow.com/events/har-ghar-investor-by-ca-rachana-rande/ET00460928
------------------------------------------------------------------------------------------------------------------
‚úîÔ∏èFinding Multibaggers using AI (Live Webinar) 21st Sept 2025:
https://www.rachanaranade.com/courses/Fundamental-Analysis-Webinar-by-CA-Rachana-Ranade-68ba85f836856539605d4199
------------------------------------------------------------------------------------------------------------------
‚úîÔ∏è Learn Stock Market in Simple Language: https://link.rachanaranade.com/CourseStore
For any queries drop a WhatsApp message on +919022196678
--------------------------------------------------------------------------------------------------------------
‚úîÔ∏èTo open a free demat account click here: https://link.rachanaranade.com/Zerodha
‚úîÔ∏è All Social Media Handles: https://linktr.ee/RachanaRanade
--------------------------------------------------------------------------------------------------------------
Spam-free Health/Term Insurance - https://ditto.sh/ty8y6t
____________________________________________________________________
India has achieved a major milestone in the semiconductor space with the launch of the Vikram 32 chip, designed by ISRO and SCL. This breakthrough marks a huge step towards self-reliance in chip design and manufacturing, opening doors for applications in space, defense, electronics, and future commercial use. In this video, we explain what makes this development so important, how semiconductors act as the brain of modern technology, and what this could mean for India‚Äôs tech industry and stock market in the years ahead.

What is covered? 
00:00 - Introduction  
01:48 - Key concepts related to semiconductor chips  
05:20 - Vikram 32 - A Proud moment for India  
12:33 - Stocks from Semiconductor space  
15:26 - The reason behind the buzz in semiconductor stocks  

#CARachanaRanade #ShareMarket #Semiconductor","India Semiconductor,Vikram 32 Chip,ISRO Semiconductors,SCL Chip Launch,India Tech Breakthrough,Semiconductor Self Reliance,Atmanirbhar Bharat Technology,India Electronics Growth,Semiconductor in Space Technology,Semiconductor in Defense,Chip Manufacturing India,Semiconductor Applications,Semiconductor Future India,Semiconductor Stocks India,Indian Stock Market 2025,Tech Stocks India,Semiconductor Sector Growth,India Chip Industry Stocks",19017,744,68
UCe3qdG0A_gr-sEdat5y2twQ,CA Rachana Phadke Ranade,nMF7o7HR2cQ,Infosys Buyback | Should you Tender your shares? | CA Rachana Ranade,2025-09-12T14:30:48Z,"‚úîÔ∏èRegister now for the Har Ghar Investor event in Ahilyanagar on 14th Sept 2025 (Session will be in Marathi) : 
https://in.bookmyshow.com/events/har-ghar-investor/ET00417577
For any queries drop a WhatsApp message on +919022196678

What you‚Äôll learn at the event: 
* How, where, and when to start investing
* New investment opportunities
* Use AI to become a smart researcher.
* Will ‚Çπ1 crore be enough for retirement?
* Stock market and mutual fund investments 
* My Nifty target
------------------------------------------------------------------------------------------------------------------
‚úîÔ∏èRegister now for the Har Ghar Investor event in Borivali on 27th Sept 2025: 
https://in.bookmyshow.com/events/har-ghar-investor-by-ca-rachana-rande/ET00460928
------------------------------------------------------------------------------------------------------------------
‚úîÔ∏èFinding Multibaggers using AI (Live Webinar) 21st Sept 2025:
https://www.rachanaranade.com/courses/Fundamental-Analysis-Webinar-by-CA-Rachana-Ranade-68ba85f836856539605d4199
------------------------------------------------------------------------------------------------------------------
‚úîÔ∏è Learn Stock Market in Simple Language: https://link.rachanaranade.com/CourseStore
For any queries drop a WhatsApp message on +919022196678
------------------------------------------------------------------------------------------------------------------
‚úîÔ∏èTo open a free demat account click here: https://link.rachanaranade.com/Zerodha
‚úîÔ∏è All Social Media Handles: https://linktr.ee/RachanaRanade
----------------------------------------------------------------------------------------------------------------
Spam-free Health/Term Insurance - https://ditto.sh/ty8y6t
___________________________________________________________________
Infosys has announced a massive ‚Çπ18,000 crore buyback at ‚Çπ1,800 per share! 
 But should you tender your shares or hold them? In this video,
What is covered? 
00:00 - Introduction
01:40 - Basic details about the Rs. 18000 Cr. Infosys Buyback
06:55 - Taxation of this Buyback
11:36 - Points to consider while taking the decision on tendering your stocks?


#CARachanaRanade #ShareMarket #Infosys #buyback","CA Rachana Ranade,stock market basics,basics of share market,share market basics,Stock market,money,share market,fundamental analysis,Infosys buyback,Infosys buyback 2025,Infosys tender offer,Infosys ADS investors,Infosys ‚Çπ1800 buyback,Infosys shareholders,Infosys dividend tax rules,Infosys EPS,Infosys ROE,Infosys buyback record date,record date,tender route,Finance,Financial Planning,Current News,Current updates,Nepal",39600,1204,144
UCe3qdG0A_gr-sEdat5y2twQ,CA Rachana Phadke Ranade,U5MG1plqivY,Breakout Stocks & Rally in Gold | CA Rachana Ranade,2025-09-11T16:26:29Z,"‚úîÔ∏èRegister now for the Har Ghar Investor event in Ahilyanagar on 14th Sept 2025 (Session will be in Marathi) : 
https://in.bookmyshow.com/events/har-ghar-investor/ET00417577
For any queries drop a WhatsApp message on +919022196678

‚úîÔ∏èRegister now for the Har Ghar Investor event in Borivali on 27th Sept 2025: 
https://in.bookmyshow.com/events/har-ghar-investor-by-ca-rachana-rande/ET00460928

‚úîÔ∏èFinding Multibaggers using AI (Live Webinar) 21st Sept 2025:
https://www.rachanaranade.com/courses/Fundamental-Analysis-Webinar-by-CA-Rachana-Ranade-68ba85f836856539605d4199

‚úîÔ∏è Learn Stock Market in Simple Language: https://link.rachanaranade.com/CourseStore
For any queries drop a WhatsApp message on +919022196678
--------------------------------------------------------------------------------------------------------------
‚úîÔ∏èTo open a free demat account click here: https://link.rachanaranade.com/Zerodha
‚úîÔ∏è All Social Media Handles: https://linktr.ee/RachanaRanade
--------------------------------------------------------------------------------------------------------------
Spam-free Health/Term Insurance - https://ditto.sh/ty8y6t
____________________________________________________________________

What is covered? 


#CARachanaRanade #ShareMarket #nifty #gold","CA Rachana Ranade,Stock Market,Share Market,Finance,Money,Nifty,GST,Investing,Saving,Trading,Market updates,Current news,BSE,NSE,Sensex,Bearish Market,GST Reforms,Market Update,Indian Economy,Market Sentiment,Market Volatility,Market Outlook,Investing in India,Investor Education,Finance Simplified,Wealth Creation,Economic Reforms,Market Crash,Indian Stock Market,Market News,Financial Markets,Market Correction,Trading Tips,Investor Awareness,Gold",21807,1121,22
UCe3qdG0A_gr-sEdat5y2twQ,CA Rachana Phadke Ranade,LyugnBK5sgg,How to spot Genuine Breakouts? | Breakout vs Fakeout | CA Rachana Ranade | #shorts,2025-09-10T14:30:19Z,,"CA Rachana Ranade,stock market basics,basics of share market,share market basics,Stock market,money,share market,fundamental analysis,Breakout stocks,Stock Market India,Technical Analysis,Investing tips,learn how to invest,Trading strategy,Chart patterns,Reliable breakouts,Invest smart,Stable Money,FD,FD interest,High Interest Rates,Short Term Goals,Long Term Investing,breakout Trading,Nifty,Multitime frame analysis,Price action,Fakeout,TOI",12323,246,20
UCe3qdG0A_gr-sEdat5y2twQ,CA Rachana Phadke Ranade,3FGp-lM6tzg,Car prices are about to drop BIG this festive season! üö®| CA Rachana Ranade | #shorts,2025-09-08T13:42:09Z,,"Auto Stocks,Stocks On Fire,Stock Market India,Stock Market News,Indian Stock Market,Multibagger Stocks,Stock Market For Beginners,Investing In India,Auto Sector,Stock Market Education,Top Stocks,Stock Analysis,Stock Market Updates,Investing Tips,Auto Industry,Stock Market Today,Wealth Creation,Stock Market Investing,Share Market India,CA Rachana Ranade,Auto Stocks India,Best Auto Stocks,EV Stocks,Long Term Investing,Short Term Trading",28814,470,20
UCe3qdG0A_gr-sEdat5y2twQ,CA Rachana Phadke Ranade,rQOvEbgI37o,GST Cuts Drive Auto Boom | Can the rally continue? | CA Rachana Ranade,2025-09-08T13:37:16Z,"‚úîÔ∏èRegister now for the Har Ghar Investor event in Ahilyanagar on 14th Sept 2025 (Session will be in Marathi) : 
https://in.bookmyshow.com/events/har-ghar-investor/ET00417577
For any queries drop a WhatsApp message on +919022196678

Auto stocks are on fire!
Maruti, Mahindra & Mahindra, and Tata Motors jumped sharply today, with the NIFTY Auto Index gaining 3.3% in a single day and 5.5% in just one week.

‚úîÔ∏è Learn Stock Market in Simple Language: https://link.rachanaranade.com/CourseStore
For any queries drop a WhatsApp message on +919022196678
--------------------------------------------------------------------------------------------------------------
‚úîÔ∏èTo open a free demat account click here: https://link.rachanaranade.com/Zerodha
‚úîÔ∏è All Social Media Handles: https://linktr.ee/RachanaRanade
--------------------------------------------------------------------------------------------------------------
‚úîÔ∏èSpam-free Health/Term Insurance - https://ditto.sh/ty8y6t
____________________________________________________________________

What is covered? 
00:00 - Introduction
02:10 - Why are auto stocks on fire?
04:15 - Why is the auto sector important to our economy and NIFTY?
06:15 - Can  this rally sustain?


#CARachanaRanade #ShareMarket #GST","CA Rachana Ranade,basics of share market,fundamental analysis,auto stocks rally today,Maruti stock price today,Tata Motors share price,M&M share price today,NIFTY Auto index,auto stocks GST impact,auto sector India 2025,best auto stocks to buy,Ashok Leyland share news,Eicher Motors stock analysis,Bajaj Auto stock rally,CA Rachana Ranade auto stocks,Har Ghar Investor auto rally,Nifty Auto vs Nifty 50,stock market today India,Marathi stock market explainer",25141,902,33
UCe3qdG0A_gr-sEdat5y2twQ,CA Rachana Phadke Ranade,IVZnEFAQTDo,Market Bearish In spite of GST Reforms | CA Rachana Ranade,2025-09-04T16:54:45Z,"‚úîÔ∏èRegister now for the Har Ghar Investor event in Ahilyanagar on 14th Sept 2025 (Session will be in Marathi) : 
https://in.bookmyshow.com/events/har-ghar-investor/ET00417577
For any queries drop a WhatsApp message on +919022196678

‚úîÔ∏èGST 2025 Changes | Positive, Negative & Neutral Impact on Stocks
https://youtu.be/OBfdOx3TqsM?si=Kmqmob94BeW5hGB0
-------------------------------------------------------------------------------------------------------------
‚úîÔ∏è Learn Stock Market in Simple Language: https://link.rachanaranade.com/CourseStore
For any queries drop a WhatsApp message on +919022196678
--------------------------------------------------------------------------------------------------------------
‚úîÔ∏èTo open a free demat account click here: https://link.rachanaranade.com/Zerodha
‚úîÔ∏è All Social Media Handles: https://linktr.ee/RachanaRanade
--------------------------------------------------------------------------------------------------------------
Spam-free Health/Term Insurance - https://ditto.sh/ty8y6t
____________________________________________________________________

What is covered? 


#CARachanaRanade #ShareMarket #Nifty","CA Rachana Ranade,Stock Market,Share Market,Finance,Money,Nifty,GST,Investing,Saving,Trading,Market updates,Current news,BSE,NSE,Sensex,Bearish Market,GST Reforms,Market Update,Indian Economy,Market Sentiment,Market Volatility,Market Outlook,Investing in India,Investor Education,Finance Simplified,Wealth Creation,Economic Reforms,Market Crash,Indian Stock Market,Market News,Financial Markets,Market Correction,Trading Tips,Investor Awareness",27070,789,59
UCe3qdG0A_gr-sEdat5y2twQ,CA Rachana Phadke Ranade,OBfdOx3TqsM,"GST 2025 Changes | Positive, Negative & Neutral Impact on Stocks | CA Rachana Ranade",2025-09-04T13:00:23Z,"‚úîÔ∏èRegister now for the Har Ghar Investor event in Ahilyanagar on 14th Sept 2025 (Session will be in Marathi) : 
https://in.bookmyshow.com/events/har-ghar-investor/ET00417577
For any queries drop a WhatsApp message on +919022196678

üö®The GST Council has just announced major changes in GST rates for 2025, and this could reshape multiple sectors of the Indian economy. In this video, we simplify the new GST rate cuts and explain their positive, negative, and neutral impact on industries and stocks. If you want to understand how GST 2.0 reforms impact the stock market and the broader economy, make sure you watch till the end.
------------------------------------------------------------------------------------------------------------
‚úîÔ∏è Learn Stock Market in Simple Language: https://link.rachanaranade.com/CourseStore
For any queries drop a WhatsApp message on +919022196678
--------------------------------------------------------------------------------------------------------------
‚úîÔ∏èTo open a free demat account click here: https://link.rachanaranade.com/Zerodha
‚úîÔ∏è All Social Media Handles: https://linktr.ee/RachanaRanade
--------------------------------------------------------------------------------------------------------------
Spam-free Health/Term Insurance - https://ditto.sh/ty8y6t
____________________________________________________________________

What is covered? 
00:00 - GST rate cut detail 
02:56 - Sectors to be positively impacted 
07:23 - Sectors to be negatively impacted 
09:58 - Sectors to be mixed/ neutral impacted 
11:42 - Conclusion 

#CARachanaRanade #ShareMarket #GST","GST 2025,GST rate cut 2025,GST Council meeting 2025,GST changes in India 2025,GST reforms 2025,GST impact on stock market,GST impact on economy,GST impact on industries,GST 2.0 explained,GST rate changes 2025 stocks,GST impact on FMCG sector,GST impact on automobile sector,GST impact on real estate,GST impact on IT sector,GST impact on banking sector,Stock market news today India,Indian economy news today,Finance news India 2025,GST explained in simple terms",47468,1569,117
UCe3qdG0A_gr-sEdat5y2twQ,CA Rachana Phadke Ranade,Faghay12SCo,GST Rate Cut on Dairy Products | Big Savings Ahead! üí∏ | CA Rachana Ranade | #shorts,2025-09-04T11:26:13Z,,"Smart Spending,Save More,Everyday Savings,Budget Friendly,Pocket Friendly,Money Tips,Life Hacks,Viral Reels,Explore Now,Reel Karo Feel Karo,GST Update,GST News,Finance News,Indian Economy,Tax Update,Market Update,Inflation Talks,Money News,Personal Finance,economy,GST Impact,Stock Market,Share Market,investing,saving,trading,fitness,protein,Fitness Journey,Fit Life,Healthy Living,Active Lifestyle,Get Fit,Mind Body Balance,Health Is Wealth",33435,923,43
UCe3qdG0A_gr-sEdat5y2twQ,CA Rachana Phadke Ranade,_iyY6MDbdOw,Urban Company IPO Summary |  CA Rachana Ranade,2025-09-03T15:08:08Z,"üëâ Register for 2-Day LIVE Training on AI for FREE: https://link.outskill.com/RRM
üëâ 100% Discount for all who register
üëâ Become the top 1% professional by learning AI today
---------------------------------------------------------------------------------------------------------------
Urban Company (formerly UrbanClap) is coming up with its IPO! In this video, I break down the business model, revenue segments, industry size, financials, key risks, litigations, objects of the issue, and IPO details ‚Äî all straight from the RHP (Red Herring Prospectus).
üí° As always, I‚Äôll keep it simple, fun, and easy to understand so that even a beginner can follow along!
-------------------------------------------------------------------------------------------------------------
‚úîÔ∏è Learn Stock Market in Simple Language: https://link.rachanaranade.com/CourseStore
For any queries drop a WhatsApp message on +919022196678
--------------------------------------------------------------------------------------------------------------
‚úîÔ∏è All Social Media Handles: https://linktr.ee/RachanaRanade
--------------------------------------------------------------------------------------------------------------
What is covered? 
00:00 - Introduction
01:49 - What does the company do?
05:49 - IPO details
11:58 - Financial and Operating parameters
17:02 - Industry Analysis
19:37 - Risks
22:53 - Litigations
25:16 - Peers & Valuation

#CARachanaRanade #ShareMarket #IPO","Urban Company IPO,IPO Alert,IPO Watch,Stock Market India,IPO Analysis,Upcoming IPO,IPO News,IPO Details,Investing In India,Finance Simplified,Indian Stock Market,Stock Market For Beginners,Finance With Rachana,Stock Market Education,Investment Tips,Stock Market Made Simple,Stock Market Investing,Wealth Creation,Urban Company,Urban Clap,IPO 2025,Market Updates,Business Breakdown,outskill,AI workshop,free,Technology",48595,1092,70
UCe3qdG0A_gr-sEdat5y2twQ,CA Rachana Phadke Ranade,rAXG4nE9s64,Why Your Neighbour‚Äôs Electricity Bill is ‚Çπ0 üî• (Solar Secret) | CA Rachana Ranade | #shorts,2025-09-02T12:42:25Z,"Get a free solar quote for your home with SolarSquare: 
https://www.solarsquare.in/go-solar utm_source=youtube&utm_medium=influencer&utm_campaign=RachanaRanade_020925","Solar Panels,Saur urja,Electricity,SolarSquare,How to save electricity?,electricity bill,lights,Solar energy,Rooftop Solar,sunlight,solar system,solar power,thermal storage.,Can solar save electricity?,solar pv,Panasonic,japan,government subsidy,expenses,maintenance,CA Rachana Ranade,green energy,renewable energy,Cleanenergy,Sustainability,Environment,Tata Power,Adani Green energy,Suzlon,JSW,KPI,NHPC,top stocks",27539,873,19
UCe3qdG0A_gr-sEdat5y2twQ,CA Rachana Phadke Ranade,ZvGLsAiU9Pc,Ditch High Interest Debt! Get Loans Against Your Investments | CA Rachana Ranade,2025-08-29T14:30:34Z,"‚úîÔ∏è Check your credit limit here: https://go.smallcase.com/gIQT/x8q9ilvp
--------------------------------------------------------------------------------------------------------------
Today's video covers how to fund short-term goals using Loan Against Stocks (LS) and Loan Against Mutual Funds (LMF) as alternatives to high-interest personal loans.
-------------------------------------------------------------------------------------------------------------
‚úîÔ∏è Learn Stock Market in Simple Language: https://link.rachanaranade.com/CourseStore
For any queries drop a WhatsApp message on +919022196678
--------------------------------------------------------------------------------------------------------------
‚úîÔ∏è All Social Media Handles: https://linktr.ee/RachanaRanade
--------------------------------------------------------------------------------------------------------------
What is covered? 
00:00 - Introduction 
00:51 - Introduction to Loan Against Stocks (LS) and Loan Against Mutual Funds (LMF)
01:56 - How to access money without selling stocks and other key features 
03:20 - How to ditch High Interest cost?
05:11 - LTV, processing time, tenure and other key details 
08:41 - Top five concerns
11:52 - Eligibility criteria
12:52 - How to apply?
14:03 - Conclusion

#CARachanaRanade #ShareMarket #Mutualfunds #Loan","loan against stocks,loan against mutual funds,smart borrowing,financial planning,loan alternatives,mutual funds,loan tips,investing wisely,finance education,money management,interest saving,wealth management,financial literacy,smart money choices,investment tips,funding goals,stock loans,mutual fund loans,secure loans,alternative to personal loan,borrow smart,debt free journey,low interest loans,credit management,financial goals",22740,702,148
UCe3qdG0A_gr-sEdat5y2twQ,CA Rachana Phadke Ranade,Dtm3F52nuC4,F&O Expiry Day Change | CA Rachana Ranade | #shorts,2025-08-28T12:22:13Z,,"Stock Market India,Indian Stock Market,Stock Market News,F&O Expiry,Expiry Day,F&O Trading,Options Trading,Derivative Trading,NSE,BSE,Expiry Day Change,Market Alert,Trading Update,Finance News,Stock Market Update,CA Rachana Ranade,Har Ghar Investor,Learn Finance,Sensex,Nifty,current news,Investing,Trading,Saving,investor,Knowledge,education,finance,money,financial literacy,financial planning",22257,490,33
UCe3qdG0A_gr-sEdat5y2twQ,CA Rachana Phadke Ranade,pOwj0LZpTgw,Will NIFTY fall further? | CA Rachana Ranade,2025-08-28T10:06:38Z,"‚úîÔ∏èRegister now for the Har Ghar Investor event in Ahilyanagar on 14th Sept 2025 (Session will be in Marathi) : 
https://in.bookmyshow.com/events/har-ghar-investor/ET00417577
For any queries drop a WhatsApp message on +919022196678
--------------------------------------------------------------------------------------------------------------
‚úîÔ∏è Learn Stock Market in Simple Language: https://link.rachanaranade.com/CourseStore
--------------------------------------------------------------------------------------------------------------
‚úîÔ∏èTo open a free demat account click here: https://link.rachanaranade.com/Zerodha
‚úîÔ∏è All Social Media Handles: https://linktr.ee/RachanaRanade
--------------------------------------------------------------------------------------------------------------
Spam-free Health/Term Insurance - https://ditto.sh/ty8y6t
____________________________________________________________________
What is covered? 


#CARachanaRanade #ShareMarket #Nifty","CA Rachana Ranade,stock market basics,basics of share market,share market basics,Stock market,money,share market,fundamental analysis,Trump,Donald Trump,Nifty,Market Crash,Market updates,current updates,NSE,BSE,Sensex,Investing,Trading,Trump tariffs,Recession,Market fall,Saving,Nifty prediction,bear,bear market,bull market,portfolio,nasdaq,s&p 500,dow,dow jones,mid caps,small caps,US DEBT,China,Debt to GDP",29765,1053,71
UCe3qdG0A_gr-sEdat5y2twQ,CA Rachana Phadke Ranade,RdV_IK6hCwU,3 Special Money Lessons from Bappa ‚ú®! CA Rachana Ranade | #shorts,2025-08-27T04:27:18Z,,"Ganesh Chaturthi 2025,Ganpati Festival,Ganesh Utsav,Ganpati Celebration,Prosperity With Ganpati,Wealth And Prosperity,Festival Of Prosperity,Finance With Faith,Lord Ganesha Blessings,Financial Growth,Smart Wealth,Invest Smart,Money Goals,Wealth Creation,Finance For All,Financial Planning,Abundance And Wealth,Money Mindset,Money lessons,financial planning,Future,Money saving hacks,festival,energy,motivation,celebration",25601,935,43
UCe3qdG0A_gr-sEdat5y2twQ,CA Rachana Phadke Ranade,3emmjvs919Q,Think FIIs Move Markets? | The Market‚Äôs Hidden Driver REVEALED | CA Rachana Ranade,2025-08-26T12:30:08Z,"‚úîÔ∏èRegister now for the Har Ghar Investor event in Ahilyanagar on 14th Sept 2025 (Session will be in Marathi) : 
https://in.bookmyshow.com/events/har-ghar-investor/ET00417577
For any queries drop a WhatsApp message on +919022196678
----------------------------------------------------------------------------------------------------------------
Who drives the Indian stock market ‚Äì FIIs or DIIs? ü§î In this video, we explain who they are, their role in the market, and reveal with real data who the true heroes are. Plus, we bust some common investing myths every trader should know! 
---------------------------------------------------------------------------------------------------------------
‚úîÔ∏è Learn Stock Market in Simple Language: https://link.rachanaranade.com/CourseStore
For any queries drop a WhatsApp message on +919022196678
--------------------------------------------------------------------------------------------------------------
‚úîÔ∏èTo open a free demat account click here: https://link.rachanaranade.com/Zerodha
‚úîÔ∏è All Social Media Handles: https://linktr.ee/RachanaRanade
--------------------------------------------------------------------------------------------------------------
Spam-free Health/Term Insurance - https://ditto.sh/ty8y6t
____________________________________________________________________
What is covered? 
00:00 - Introduction
00:58 - Are FII's True Hero?
05:05 - Are DII's True Hero?
06:03 - AMFI SIP DATA
07:18 - The Real Hero
09:01 - Conclusion

#CARachanaRanade #ShareMarket #Nifty","FIIs,DIIs,Market Movers,Indian Stock Market,Smart Investing,Market Trends,Stock Market Insights,Investment Tips,Stock Market Education,Market Analysis,Trading India,Equity Markets,Investor Education,Market Updates,Long Term Investing,Short Term Trading,Mutual Funds India,Retail Investors,Sensex,Nifty 50,Stock Market For Beginners,Financial Freedom,Wealth Creation,Investing Wisely,Market Strategy,Economic Trends,Capital Markets",29874,1184,90
UCe3qdG0A_gr-sEdat5y2twQ,CA Rachana Phadke Ranade,rA39DA3G6aY,Today is the LAST DAY to buy HDFC Bank shares if you want the bonus! | CA Rachana Ranade | #shorts,2025-08-25T08:55:44Z,,"HDFC Bank,Bonus Shares,Ex Bonus,Stock Split,Corporate Action,Dividend,Indian Stocks,NSE India,BSE India,Stock Market India,Share Market,Equity Market,Market Update,Stock Alert,Last Day,Investor Alert,Stock Market,Investing,Wealth Creation,Long Term Investing,Smart Investing,Financial Literacy,Har Ghar Investor,Rachana Ranade,Current news,latest update,notification,Information,stocks updates",68328,1113,51
UCe3qdG0A_gr-sEdat5y2twQ,CA Rachana Phadke Ranade,w_fU18P3is8,India‚Äôs Big Consumption Boom: What‚Äôs Driving It? | CA Rachana Ranade,2025-08-22T12:49:30Z,"‚úîÔ∏èRegister now for the Har Ghar Investor event in Ahilyanagar on 14th Sept 2025 (Session will be in Marathi) : 
https://in.bookmyshow.com/events/har-ghar-investor/ET00417577
For any queries drop a WhatsApp message on +919022196678

In this video, we are discussing how no tax up to ‚Çπ12 lakh, a possible GST rate cut, and a reducing interest rate cycle are set to boost India‚Äôs consumption story and drive GDP growth.
-------------------------------------------------------------------------------------------------------------
‚úîÔ∏è Learn Stock Market in Simple Language: https://link.rachanaranade.com/CourseStore
--------------------------------------------------------------------------------------------------------------
‚úîÔ∏èTo open a free demat account click here: https://link.rachanaranade.com/Zerodha
‚úîÔ∏è All Social Media Handles: https://linktr.ee/RachanaRanade
--------------------------------------------------------------------------------------------------------------
Spam-free Health/Term Insurance - https://ditto.sh/ty8y6t
____________________________________________________________________

What is covered? 
00:00 - Introduction 
01:17 - Big Trigger for India‚Äôs GDP Growth? 
02:40 - GST Simplification/Reforms 
05:39 - Income tax relief 
06:39 - RBI Rate cut 
08:52 - Why is Consumption so important? 
09:53 - Capex Story 
12:08 - Consumption Tracker 

#CARachanaRanade #ShareMarket #Nifty","IndianEconomy,GDPGrowth,FinanceWithRachana,EconomicGrowth,WealthInIndia,IncomeTax,TaxRelief,GSTCut,NoTax,FinanceNews,TaxPlanning,TaxSavings,InterestRates,ConsumptionBoom,IndiaConsumptionStory,GrowthDrivers,MonetaryPolicy,InflationControl,Budget2025,IndiaRising,MoneyMatters,SmartFinance,FinancialLiteracy,InvestmentTips,WealthCreation,StockMarketIndia,MarketUpdates,PersonalFinance,IndianBudget,PolicyReforms,GrowthOpportunities,EmergingMarkets,CA Rachana Ranade",45260,1602,75
UCe3qdG0A_gr-sEdat5y2twQ,CA Rachana Phadke Ranade,Mcvh2gSDF5I,Big GST Rate Cut by Diwali ‚Äì What It Means for You! | CA Rachana Ranade,2025-08-21T16:16:40Z,"‚úîÔ∏èRegister now for the Har Ghar Investor event in Ahilyanagar on 14th Sept 2025 (Session will be in Marathi) : 
https://in.bookmyshow.com/events/har-ghar-investor/ET00417577
For any queries drop a WhatsApp message on +919022196678

‚úîÔ∏è Learn Stock Market in Simple Language: https://link.rachanaranade.com/CourseStore
For any queries drop a WhatsApp message on +919022196678
--------------------------------------------------------------------------------------------------------------
‚úîÔ∏èTo open a free demat account click here: https://link.rachanaranade.com/Zerodha
‚úîÔ∏è All Social Media Handles: https://linktr.ee/RachanaRanade
--------------------------------------------------------------------------------------------------------------
Spam-free Health/Term Insurance - https://ditto.sh/ty8y6t
____________________________________________________________________

What is covered? 


#CARachanaRanade #ShareMarket #Nifty",,20257,711,23
UCe3qdG0A_gr-sEdat5y2twQ,CA Rachana Phadke Ranade,E2Pqds2iYdI,Top 5 reasons why IT Sector is failing | CA Rachana Ranade,2025-08-20T15:00:21Z,"‚úîÔ∏èRegister now for the Har Ghar Investor event in Ahilyanagar on 14th Sept 2025 (Session will be in Marathi) : 
https://in.bookmyshow.com/events/har-ghar-investor/ET00417577
For any queries drop a WhatsApp message on +919022196678

In this video, we break down the recent correction in the Indian IT sector and discuss the key reasons behind the fall in NIFTY IT. From weak global tech spending and margin pressures to concerns around AI disruption, we explain the factors impacting large IT companies like TCS, Infosys, Wipro, HCL Tech, and others.
----------------------------------------------------------------------------------------------------------
‚úîÔ∏è Learn Stock Market in Simple Language: https://link.rachanaranade.com/CourseStore
--------------------------------------------------------------------------------------------------------------
‚úîÔ∏èTo open a free demat account click here: https://link.rachanaranade.com/Zerodha
‚úîÔ∏è All Social Media Handles: https://linktr.ee/RachanaRanade
--------------------------------------------------------------------------------------------------------------
‚úîÔ∏è Spam-free Health/Term Insurance - https://ditto.sh/ty8y6t
____________________________________________________________________
What is covered? 
00:00 - Introduction  
02:23 - Sluggish Global Tech Spending & Weak Client Demand  
05:05 - Margin Headwinds and Mixed Earnings Reports  
07:40 - FII Selling Pressure  
9:00 - AI Disruption Anxiety & Shifting Sentiment  
 Let me know this point in the comment section.  

#CARachanaRanade #ShareMarket #Nifty","CA Rachana Ranade,money,share market,Nifty IT,Indian Stock Market,IT Sector,Stock Market India,Stock Market Update,IT Stocks,Sensex,TCS,Infosys,Wipro,HCL Tech,Tech Sector,Stock Market Education,Market Correction,Investing in India,Stock Analysis,Financial Literacy,Stock Market News,Tech Disruption,AI and Tech,Margin Pressure,Global Tech Spending,Equity Markets,Stock Market for Beginners,Finance with Rachana,Finance,Current updates",46590,1281,97
UCe3qdG0A_gr-sEdat5y2twQ,CA Rachana Phadke Ranade,mp0kNxHt3Ew,Online Gaming Bill 2025: Impact on Gaming Stocks in India | CA Rachana Ranade | #shorts,2025-08-20T13:44:33Z,,"CA Rachana Ranade,Stocks,Stock Market,Share Market,Current updates,Latest news,Online Gaming,Bill,loksabha,rummy,3 patti,Pub G,Dream 11,Fun,online betting,trading,investing,loss,gambling,games,law,privacy,entertainment,gaming stocks,gamingstocks,nazara,deltacorp,stockmarketindia,onlinegaming,stockmarketnews,stockupdate,marketnews,finance,dalalstreet,marketupdate,sharemarket,equitymarket,indianinvestors,wealthcreation,marketinsights,smartinvesting,stocktrading",38052,713,32
UCe3qdG0A_gr-sEdat5y2twQ,CA Rachana Phadke Ranade,ZWJDQhSj13A,Day 3/3: The Freedom Movement You Haven‚Äôt Heard Of | Independence Day | CA Rachana Ranade | #shorts,2025-08-15T11:21:32Z,"A new movement is starting - but it‚Äôs not on the streets!

It‚Äôs in living rooms, in family conversations, in every woman who decides to take control of her financial choices.

This Independence Day, let‚Äôs make Financial Freedom for Women our new mission.
Not tomorrow. Not someday. Today. 

Comment IN if you believe in this movement.
üîó Plan your goals- https://rebrand.ly/Financial-Calculator","ca rachana ranade,financial literacy,financial future,financial education,financial freedom,women empowerment,independence day,15th Aug,Har Ghar Investor,invest smart,money matters,Freedom to choose,finance simplified,proud indian,India,Learning,Investing,trading",15553,418,5
UCe3qdG0A_gr-sEdat5y2twQ,CA Rachana Phadke Ranade,ZI9joM4xyrA,India‚ÄìChina: What‚Äôs Cooking? | Monthly MF Equity Inflow at New High | CA Rachana Ranade,2025-08-14T16:07:11Z,"‚úîÔ∏èRegister now for the Har Ghar Investor event in Ahilyanagar on 14th Sept 2025 (Session will be in Marathi) : https://in.bookmyshow.com/events/har-ghar-investor/ET00417577
For any queries drop a WhatsApp message on +919022196678

‚úîÔ∏è Celebrate Freedom With Financial Wisdom:
https://link.rachanaranade.com/CourseStore 
Use code ""AZADI"" and get discount on all courses.
Valid till 15th Aug 2025
--------------------------------------------------------------------------------------------------------------
‚úîÔ∏èTo open a free demat account click here: https://link.rachanaranade.com/Zerodha
‚úîÔ∏è All Social Media Handles: https://linktr.ee/RachanaRanade
--------------------------------------------------------------------------------------------------------------
Spam-free Health/Term Insurance - https://ditto.sh/ty8y6t
____________________________________________________________________

What is covered? 


#CARachanaRanade #ShareMarket #nifty","CA Rachana Ranade,Rachana Ranade,India China Relations,India China Economy,Geopolitics And Markets,Global Market Trends,Stock Market India,Indian Investors,Demat Accounts,20 Crore Demat Accounts,Mutual Fund Inflows,Monthly MF Data,Equity Market India,Indian Stock Market News,Market Updates,Smart Investing,Stock Market Education,Invest Smart,Financial Education,Investment Tips,Wealth Creation,Sensex,Nifty,NSE,BSE,Har Ghar Investor,Learn With Rachana",17394,524,14
UCe3qdG0A_gr-sEdat5y2twQ,CA Rachana Phadke Ranade,hG_8PAX3Zic,Day 2/3- The Gender Gap No One Posts About | Independence Day | CA Rachana Ranade | #shorts,2025-08-14T12:31:01Z,"From CEOs to homemakers, women are breaking barriers. 
But when it comes to everyday money decisions, many still hold back.

This Independence Day, I‚Äôm inviting you to take one step towards closing this gap. 

Comment IN if you are in this with me. 
üîó Plan your goals- https://rebrand.ly/Financial-Calculator","CA Rachana Ranade,Rachana Ranade,Mastering Money Management,Har Ghar Investor,Stock Market India,Indian Investors,Smart Investing,Stock Market Education,Invest Smart,Market Updates,Financial Education,Investment Tips,Trading Tips,Wealth Creation,Financial Independence,Freedom From Debt,Wealth Independence,Azadi Ka Amrit Mahotsav,Independence Day India,Financial Freedom Journey,Azadi From Financial Stress,Smart Money Moves,Money Freedom",18308,514,14
UCe3qdG0A_gr-sEdat5y2twQ,CA Rachana Phadke Ranade,ME5uZ3b70eQ,"Polycab vs KEI | Q1 Results, Export Boom & Growth Outlook Explained | CA Rachana Ranade",2025-08-13T15:14:48Z,"‚úîÔ∏è Celebrate Freedom With Financial Wisdom:
https://link.rachanaranade.com/CourseStore 
Use code ""AZADI"" and get discount on all courses.
Valid till 15th Aug 2025
For any queries drop a WhatsApp message on +919022196678

In this video, we dive into a detailed comparison between Polycab and KEI Industries ‚Äî exploring how their business models differ, key highlights from their Q1 results, important management commentary, and long-term guidance & capex plans. We also analyse the latest numbers and strategies to find out ‚Äî Polycab vs KEI: Who is leading the race?
--------------------------------------------------------------------------------------------------------------
‚úîÔ∏èTo open a free demat account click here: https://link.rachanaranade.com/Zerodha
‚úîÔ∏è All Social Media Handles: https://linktr.ee/RachanaRanade
--------------------------------------------------------------------------------------------------------------
Spam-free Health/Term Insurance - https://ditto.sh/ty8y6t
____________________________________________________________________
What is covered? 
00:00 - Introduction     
01:10 - How is the Business of Polycab different from KEI     
01:48 - Polycab - Q1 result highlight, Management commentary, Long term Guidance & Capex Plan      
08:15 - KEI Industries- Q1 result highlight, Management commentary, Long term Guidance & Capex Plan      
11:32 - Polycab vs KEI: Who is winning ?     
      

#CARachanaRanade #ShareMarket #Nifty","StockMarketIndia,InvestingInIndia,Polycab,KEI,CableIndustry,ExportsGrowth,QuarterlyResults,GrowthOutlook,FinanceExplained,FinancialLiteracyIndia,IndianStocks,ShareMarketIndia,StockAnalysis,EarningsUpdate,ManufacturingIndia,BusinessNewsIndia,InvestorCommunity,LongTermInvesting,StockMarketEducation,WealthCreation",17672,653,29
UCe3qdG0A_gr-sEdat5y2twQ,CA Rachana Phadke Ranade,cq-U0I5-edg,Day 1/3:The Freedom Every Woman Deserves | Independence Day | CA Rachana Ranade | Day 1/3 |¬† #shorts,2025-08-13T12:07:22Z,"This Independence Day, let's talk about the Independence we are waiting for.

üîó Plan your goals- https://rebrand.ly/Financial-Calculator","CA Rachana Ranade,Rachana Ranade,Mastering Money Management,Har Ghar Investor,Stock Market India,Indian Investors,Smart Investing,Stock Market Education,Invest Smart,Market Updates,Financial Education,Investment Tips,Trading Tips,Wealth Creation,Financial Independence,Freedom From Debt,Wealth Independence,Azadi Ka Amrit Mahotsav,Independence Day India,Financial Freedom Journey,Azadi From Financial Stress,Smart Money Moves,Money Freedom",21961,358,6
UCe3qdG0A_gr-sEdat5y2twQ,CA Rachana Phadke Ranade,KL-6GewtNhg,"ICICI Bank raises MAB to ‚Çπ50,000/- | CA Rachana Ranade | #shorts",2025-08-11T11:58:55Z,,"ICICI Bank,savings account,minimum average balance,banking update,personal finance,money management,banking news,finance tips,banking rules,ICICI update,banking awareness,finance news,banking alert,bank charges,bank account requirements,savings account rules,account balance requirement,financial planning,Indian banking,money tips,CA Rachana Ranade,Money,Market update,top news,latest updates,current news,stock market,share market",46782,710,20
UCe3qdG0A_gr-sEdat5y2twQ,CA Rachana Phadke Ranade,tprHnzQ1bXQ,"India, USA, Japan vs London‚Äôs Congestion Fee! üöóüö¶| CA Rachana Ranade | #shorts",2025-08-08T09:05:19Z,,"India,USA,Japan,UK,London,congestion charges,unpaid fines,diplomatic immunity,Vienna Convention,international relations,global news,foreign policy,traffic fines,international law,diplomatic disputes,embassy vehicles,international diplomacy,cross-border issues,global politics,UK transport,Transport for London,unpaid dues,road tax,embassy disputes,international exemptions,news update,CA Rachana Ranade",25444,431,12
UCe3qdG0A_gr-sEdat5y2twQ,CA Rachana Phadke Ranade,yUOjPxHj6bs,Why are FIIs selling aggressively? | CA Rachana Ranade,2025-08-07T16:06:56Z,"To gift the course ""Mastering Money Management"" to your siblings this Raksha Bandhan: 
https://link.rachanaranade.com/MMMENG
To avail this discount use coupon code ""RAKHI"" 
For any queries drop a WhatsApp message on +919022196678
-------------------------------------------------------------------------------------------------------------
‚úîÔ∏è Learn Stock Market in Simple Language: https://link.rachanaranade.com/CourseStore
For any queries drop a WhatsApp message on +919022196678
--------------------------------------------------------------------------------------------------------------
‚úîÔ∏èTo open a free demat account click here: https://link.rachanaranade.com/Zerodha
‚úîÔ∏è All Social Media Handles: https://linktr.ee/RachanaRanade
--------------------------------------------------------------------------------------------------------------
Spam-free Health/Term Insurance - https://ditto.sh/ty8y6t
____________________________________________________________________

What is covered? 


#CARachanaRanade #ShareMarket #Nifty","FIIs,FII Activity,Stock Market India,Stock Market News,Market Update,Investing India,Finance News,Stock Market Today,FII Selling,Foreign Investors,Global Markets,Market Crash,Bearish Trends,Market Volatility,CA Rachana Ranade,Finance With Rachana,Har Ghar Investor,Financial Education,Learn With Rachana,Nifty 50,Sensex,Indian Economy,FII vs DII,Invest Smart,NSE,BSE,Trump Tariffs,Current News,Latest updates",32949,1163,81
UCe3qdG0A_gr-sEdat5y2twQ,CA Rachana Phadke Ranade,b-zJqRKJ8Lc,Trump vs India: Tariffs | Rupee under pressure | US jobs data | CA Rachana Ranade,2025-08-06T14:27:40Z,"To gift the course ""Mastering Money Management"" to your siblings this Raksha Bandhan: 
https://link.rachanaranade.com/MMMENG
To avail this discount use coupon code ""RAKHI"" 
For any queries drop a WhatsApp message on +919022196678
---------------------------------------------------------------------------------------------------------------
India is facing fresh tariff threats from Trump over its Russian oil imports, while the rupee is nearing all-time lows. Is the RBI letting the INR fall to boost exports? In this video, we break down the trade tensions, oil politics, and what it means for India‚Äôs economy and global relations.
-----------------------------------------------------------------------------------------------------------------
‚úîÔ∏è Learn Stock Market in Simple Language: https://link.rachanaranade.com/CourseStore
--------------------------------------------------------------------------------------------------------------
‚úîÔ∏èTo open a free demat account click here: https://link.rachanaranade.com/Zerodha
‚úîÔ∏è All Social Media Handles: https://linktr.ee/RachanaRanade
--------------------------------------------------------------------------------------------------------------
Spam-free Health/Term Insurance - https://ditto.sh/ty8y6t
____________________________________________________________________

What is covered? 
00:00 - Introduction 
01:38 - Trump tariff threat and added penalty 
02:16 - India‚Äôs strong reply to west 
06:00 - Currency Devaluation 
10:33 - USA job data 

#CARachanaRanade #ShareMarket #trumptariffs","CA Rachana Ranade,stock market basics,basics of share market,share market basics,Stock market,money,share market,fundamental analysis,Rachana,CA Rachana,TrumpVsIndia,India US Relations,Trade War,Global Economy,Rupee Watch,USD vs INR,Forex Market,Trade Tensions,Currency Crisis,StockMarketIndia,USJobsData,Market Update,EconomicTrends,Investing News,Global Markets,Financial News,Market Volatility,Finance Simplified,tariff talks,Current News",52330,2135,137
UCe3qdG0A_gr-sEdat5y2twQ,CA Rachana Phadke Ranade,flPxuxiAkas,MCX Delivers Record Profits + 1:5 Stock Split üí• | CA Rachana Ranade | #shorts,2025-08-04T13:59:39Z,,"CA Rachana Ranade,Finance,Stock Market,Share Market,Long Term Investing,Knowledge,MXC,stock split,Investing,Trading,Savings,Current News,Latest Update,Financial Planning,Revenue,Income,profit,Business,SEBI,NSE,BSE,Sensex,Nifty,investing tips,returns,MCX,Stock Split,Stock Market India,Stock Market News,Record Profits,Indian Stock Market,Finance Shorts,MCX Stock,Stock Market Update,Must Watch,Breaking News,Wealth Alert,Investor News,Stocks to Watch",29630,701,20
UCe3qdG0A_gr-sEdat5y2twQ,CA Rachana Phadke Ranade,8UTtWZ3Ycsk,Is the Indian Economy Really Dead? | NIFTY make or break? | CA Rachana Ranade,2025-08-01T12:47:16Z,"To gift the course ""Mastering Money Management"" to your siblings this Raksha Bandhan: 
https://link.rachanaranade.com/MMMENG
To avail this discount use coupon code ""RAKHI"" 
For any queries drop a WhatsApp message on +919022196678
----------------------------------------------------------------------------------------------------------------
In this video, we break down the DXY, the key index that tracks the strength of the US dollar against a basket of major currencies. From interest rate hikes to inflation data, from geopolitical tensions to market risk sentiment ‚Äî you'll learn exactly what moves the DXY and why traders, economists, and investors watch it closely.
--------------------------------------------------------------------------------------------------------------
‚úîÔ∏è Learn Stock Market in Simple Language: https://link.rachanaranade.com/CourseStore
--------------------------------------------------------------------------------------------------------------
‚úîÔ∏èTo open a free demat account click here: https://link.rachanaranade.com/Zerodha
‚úîÔ∏è All Social Media Handles: https://linktr.ee/RachanaRanade
--------------------------------------------------------------------------------------------------------------
Spam-free Health/Term Insurance - https://ditto.sh/ty8y6t
____________________________________________________________________
What is covered? 
00:00 - Introduction
00:09 - What you will learn in this video
01:56 - Is Indian economy really dead?
07:04 - How significant is the American market for us?
10:23 - Will market breach 24,000 or 25,000?

#CARachanaRanade #ShareMarket #Nifty","CA Rachana Ranade,stock market basics,basics of share market,share market basics,Stock market,money,share market,fundamental analysis,Trump,Donald Trump,Nifty,Market Crash,Market updates,current updates,NSE,BSE,Sensex,Investing,Trading,Trump tariffs,Recession,Market fall,Saving,Nifty prediction,bear,bear market,bull market,portfolio,nasdaq,s&p 500,dow,dow jones,mid caps,small caps,US DEBT,China,Debt to GDP,Elon Musk,Tesla,DOGE",70595,2333,258
UCe3qdG0A_gr-sEdat5y2twQ,CA Rachana Phadke Ranade,b1PKt6hoYDg,DXY vs NIFTY: The Relationship Every Investor MUST Know | CA Rachana Ranade,2025-07-31T13:27:36Z,"üëâ Register for 2-Day LIVE Training on AI for FREE: https://link.outskill.com/TPE
üëâ 100% Discount for all who register
üëâ Become the top 1% professional by learning AI today
--------------------------------------------------------------------------------------------------------------
In this video, we break down the DXY, the key index that tracks the strength of the US dollar against a basket of major currencies. From interest rate hikes to inflation data, from geopolitical tensions to market risk sentiment ‚Äî you'll learn exactly what moves the DXY and why traders, economists, and investors watch it closely.
--------------------------------------------------------------------------------------------------------------
‚úîÔ∏è Learn Stock Market in Simple Language: https://link.rachanaranade.com/CourseStore
For any queries drop a WhatsApp message on +919022196678
--------------------------------------------------------------------------------------------------------------
‚úîÔ∏è All Social Media Handles: https://linktr.ee/RachanaRanade
--------------------------------------------------------------------------------------------------------------
What is covered? 
00:00 - Introduction   
01:57 - What is DXY?   
03:45 - Relationship of DXY and NIFTY and why is it important for RIIs?   
08:38 - Thumb Rule for DXY   
    
    

#CARachanaRanade #ShareMarket #dxy #nifty","DXY,DollarIndex,DXYvsNIFTY,NIFTY50,CurrencyVsEquity,GlobalMarkets,IndianMarkets,StockMarketIndia,ShareMarketBasics,BasicsOfStockMarket,StockMarketEducation,LearnTrading,StockMarketForBeginners,TradingStrategies,InvestingBasics,TechnicalAnalysis,FundamentalAnalysis,PriceAction,ChartPatterns,BreakoutOrFakeout,MultiTimeFrameAnalysis,MarketInsights,InvestorInsights,TradingEducation,Outskill,AIInFinance,FinancialLiteracy,MoneyMatters,SmartInvesting,StockMarketTips",25647,1125,64
UCe3qdG0A_gr-sEdat5y2twQ,CA Rachana Phadke Ranade,2GYJpnAQwVQ,Tata Motors x Iveco? | Market Reacts to Possible Acquisition | CA Rachana Ranade | #shorts,2025-07-30T14:23:19Z,,"CA Rachana Ranade,stock market basics,basics of share market,share market basics,Stock market,money,share market,Investment,Bonds,Stock Market,bank,bankacccounts,cash,rich,wealth,stableinvestment,tatamotors,houseoftata,automobile,autosector,electric vehicles,ev,bear,bear market,gdp,slowdown,india,largecap,midcap,smallcap,quarterly results,jlr,cv,pv,jaguar,range rover,commercial vehicles,passenger vehicles,Tata shares declined,IVEKO,debt funding",153638,4394,30
UCe3qdG0A_gr-sEdat5y2twQ,CA Rachana Phadke Ranade,Mgn0l69zVHw,NSDL IPO Reality Check |  NSDL vs CDSL | CA Rachana Ranade,2025-07-25T13:02:46Z,"In this video, we break down the upcoming NSDL IPO ‚Äî one of the most awaited listings in India‚Äôs capital market infrastructure space.
----------------------------------------------------------------------------------------------------------------
‚úîÔ∏è Learn Stock Market in Simple Language: https://link.rachanaranade.com/CourseStore
For any queries drop a WhatsApp message on +919022196678
--------------------------------------------------------------------------------------------------------------
‚úîÔ∏èTo open a free demat account click here: https://link.rachanaranade.com/Zerodha
‚úîÔ∏è All Social Media Handles: https://linktr.ee/RachanaRanade
--------------------------------------------------------------------------------------------------------------
Spam-free Health/Term Insurance - https://ditto.sh/ty8y6t
____________________________________________________________________

What is covered? 
00:00 - Introduction 
01:36 - What does the company do ? 
05:41 - Revenue & Profitability by segment 
07:58 - Industry Analysis 
11:50- Financials 
13:29 - Key Risk 
14:20 - Valuation & Peer Comparison 
16:10 - IPO Details 

#CARachanaRanade #ShareMarket #NSDL","nsdl ipo,nsdl ipo review,nsdl ipo analysis,nsdl ipo details,nsdl ipo explained,nsdl ipo date,nsdl ipo price band,nsdl ipo gmp,nsdl ipo listing gain,nsdl ipo apply or not,upcoming ipo 2025,best ipo to invest in 2025,stock market india,how to apply for ipo,ipo for beginners,stock market education,ipo investment strategy,long term investing,nsdl india,nsdl demat account,nsdl role in stock market,nsdl company profile,nsdl vs cdsl,CA Rachana Ranade",136333,2704,144
UCe3qdG0A_gr-sEdat5y2twQ,CA Rachana Phadke Ranade,7jwAThPu3vs,Investing in Liquid MF? Don‚Äôt Miss These 5 Checks! | CA Rachana Ranade | #shorts,2025-07-23T13:58:55Z,,"CA Rachana Ranade,Stock Market,Share Market,Market updates,Short term goals,investing,saving,trading,Axis Liquid Fund,mutual fund,revenue,profit,stocks,top stocks,how to invest,Technical Analysis,Fundamental Analysis,debt fund,grow your money,money management,interest rates,liquidity",18001,435,4
UCe3qdG0A_gr-sEdat5y2twQ,CA Rachana Phadke Ranade,FTILqL7mJ-0,Zomato Stock Up Despite 90% Profit Fall? | CA Rachana Ranade | #shorts,2025-07-22T13:14:38Z,"Zomato stock jumped 20% despite 90% drop in profits! Why?
Here are the Top 4 reasons behind the rally:
1Ô∏è‚É£ Strong growth in NOV
2Ô∏è‚É£ Inventory-led model in Blinkit
3Ô∏è‚É£ Massive store expansion
4Ô∏è‚É£ Improved profitability outlook
üì∫ Watch our full video on Zomato Q1 Results now!","CA Rachana Ranade,stock market basics,basics of share market,share market basics,Stock market,money,share market,fundamental analysis,Rachana,CA Rachana,Zomato Q1 results,Zomato stock,Zomato Analysis,Stock Market India,Indian stock market,Q1 Results 2025,Blinkit,earnings season,Investing in India,Stock Rally,ROCE,Business breakdown,Stock insights,Market reaction,Zomato vs swiggy,inventory model,Knowledge,Wealth creation,Investment,trading",33379,424,16
UCe3qdG0A_gr-sEdat5y2twQ,CA Rachana Phadke Ranade,snv3J0cKCik,Zomato Q1 Results Breakdown | What Lies Ahead ? | CA Rachana Ranade,2025-07-22T12:47:51Z,"Zomato has surprised the market yet again! Despite a sharp 90% decline in net profit, the stock surged nearly 20% ‚Äî leaving many investors puzzled. In this video, we are going to discuss 
1.Top 5 points from the Shareholder‚Äôs letter 
2. Technical Analysis of this stock
3. One BIG RISK that the investors must not ignore. 
Don‚Äôt miss this deep-dive into Zomato‚Äôs Q1 FY26 results and the road ahead for the company!
-------------------------------------------------------------------------------------------------------------
‚úîÔ∏èZomato Shareholder Letter:  https://www.bseindia.com/xml-data/corpfiling/AttachLive/8f0d6136-6ea6-4a11-83c3-6af52d8e8b25.pdf
--------------------------------------------------------------------------------------------------------------
‚úîÔ∏èTechnical Analysis: http://link.rachanaranade.com/TA
‚úîÔ∏èPrice Action Analysis: https://link.rachanaranade.com/PAA
-------------------------------------------------------------------------------------------------------------
‚úîÔ∏è Learn Stock Market in Simple Language: https://link.rachanaranade.com/CourseStore
For any queries drop a WhatsApp message on +919022196678
--------------------------------------------------------------------------------------------------------------
‚úîÔ∏èTo open a free demat account click here: https://link.rachanaranade.com/Zerodha
‚úîÔ∏è All Social Media Handles: https://linktr.ee/RachanaRanade
--------------------------------------------------------------------------------------------------------------
Spam-free Health/Term Insurance - https://ditto.sh/ty8y6t
____________________________________________________________________

What is covered? 
00:00 - Introduction 
00:38 - Overall Business Performance 
03:08 - Store Expansion in Blinkit 
04:36 - Profitability Outlook 
07:09 - Quick Commerce Inventory Ownership Model 
09:43 - Technical Analysis 
12:05 - One BIG RISK to watch out for 

#CARachanaRanade #ShareMarket #zomato","CA Rachana Ranade,stock market basics,basics of share market,share market basics,Stock market,money,share market,fundamental analysis,Rachana,CA Rachana,Zomato Q1 results,Zomato stock,Zomato Analysis,Stock Market India,Indian stock market,Q1 Results 2025,Blinkit,earnings season,Investing in India,Stock Rally,ROCE,Business breakdown,Stock insights,Market reaction,Zomato vs swiggy,inventory model,Knowledge,Wealth creation,Investment,trading",38990,1903,192
UCe3qdG0A_gr-sEdat5y2twQ,CA Rachana Phadke Ranade,WyeZDDzBMsI,How to pick the Right Liquid Fund for Short Term Goals? | CA Rachana Ranade,2025-07-18T13:37:05Z,"Looking to park your money safely for short-term goals like travel, emergency funds, or school fees? üíºüí∞
In this video, we break down how to select the right Liquid Mutual Fund using 5 simple and practical parameters ‚Äì including AUM, expense ratio, past returns, and more. Whether you're a first-time investor or just need a quick refresher, this guide will help you make an informed decision.
--------------------------------------------------------------------------------------------------------------
‚úîÔ∏è Learn Stock Market in Simple Language: https://link.rachanaranade.com/CourseStore
For any queries drop a WhatsApp message on +919022196678
--------------------------------------------------------------------------------------------------------------
‚úîÔ∏èTo open a free demat account click here: https://link.rachanaranade.com/Zerodha
‚úîÔ∏è All Social Media Handles: https://linktr.ee/RachanaRanade
--------------------------------------------------------------------------------------------------------------
Spam-free Health/Term Insurance - https://ditto.sh/ty8y6t
____________________________________________________________________

What is covered? 
00:00 - Introduction  
00:42 - What is a Liquid Fund?  
02:27 - Reasons to invest in Liquid Fund  
03:09 - How to choose the right Liquid Mutual Fund?  
08:00 - 5 Key parameters to check before investing.  
08:35 - Bonus Tip  
   

#CARachanaRanade #ShareMarket #mutualfunds","CA Rachana Ranade,stock market basics,basics of share market,share market basics,Stock market,money,share market,fundamental analysis,Mutual Fund,Liquid Fund,Short Term Investment,Mutual funds India,Debt funds,How to invest,Financial Planning,Invest Smart,Axis Liquid Fund,Money Management,Mutual Funds basics,Grow your money,How to select liquid funds,top stocks,Corporate debt,T bill,Treasury Bill,Government securities,Contract note",56570,1945,200
UCe3qdG0A_gr-sEdat5y2twQ,CA Rachana Phadke Ranade,EAkNaeyN2io,Top 5 Stock Market Updates You MUST Know | CA Rachana Ranade,2025-07-17T16:31:22Z,"‚úîÔ∏è Learn Stock Market in Simple Language: https://link.rachanaranade.com/CourseStore
For any queries drop a WhatsApp message on +919022196678
--------------------------------------------------------------------------------------------------------------
‚úîÔ∏èTo open a free demat account click here: https://link.rachanaranade.com/Zerodha
‚úîÔ∏è All Social Media Handles: https://linktr.ee/RachanaRanade
--------------------------------------------------------------------------------------------------------------
Spam-free Health/Term Insurance - https://ditto.sh/ty8y6t
____________________________________________________________________

What is covered? 


#CARachanaRanade #ShareMarket #Nifty","CA Rachana Ranade,Finance,Stock Market,Share Market,Nifty,Nifty 50,Banknifty,NSE,BSE,Sensex,RBI,Repo rate,Financial Literacy,Financial Education,Knowledge,Profit,Loss,Savings,Trading,Investing,RBI Rate cut,Current News,Current updates,latest news,market news,share bazaar,stocks,top stocks,how to invest?,fundamental analysis,technical analysis,chart patterns,Mutual fund,SIP,Revenue",43839,1318,57
UCe3qdG0A_gr-sEdat5y2twQ,CA Rachana Phadke Ranade,vaWc_2PPHtg,How many days does it take for an ITR Refund? | CA Rachana Ranade | #shorts,2025-07-17T12:15:23Z,,"CA Rachana Ranade,stock market basics,basics of share market,share market basics,Stock market,money,share market,Intra day,tax,profit,stocks,btst,btstt,cash,itr,taxmann,taxsutra,CA,Chartered Accountant,Tax strategy,Tax Planning,Tax Saving,Tax hacks,Tax filing,Bank Accounts,Income Tax Return,File your ITR,Tax Season,Personal Finance,How to file ITR,Tax Tips India,ITR 1,ITR 2,Old regime,New regime,E verify,ITR Types explained,2025,savings",23365,349,8
UCe3qdG0A_gr-sEdat5y2twQ,CA Rachana Phadke Ranade,qUdMvzXra3Y,HDFC & Patanjali to Issue Bonus Shares? | CA Rachana Ranade | #shorts,2025-07-16T09:18:41Z,,"CA Rachana Ranade,Stock Market,Share Market,Finance,Knowledge,Education,Bonus shares,Q1 Results,HDFC Bank,Patanjali,Baba Ramdev,Yoga,Dividents,Trading windows,SEBI Guidelines,Latest update,current news,stock market india,global economy,currency,Revenue,Investment,Trading,Savings,Market,NSE,BSE,Sensex,Profit,Loss,trading rules,big update,board meeting,equity shares,Stocks,Fundamental analysis,Technical Analysis,Price action analysis,basics of stock market",63289,881,26
UCe3qdG0A_gr-sEdat5y2twQ,CA Rachana Phadke Ranade,MPmOgAIOqa0,Relaxo Footwear‚Äôs Rise & Fall | How a 100x Stock Lost Its Shine! | CA Rachana Ranade,2025-07-15T12:51:58Z,"Once hailed as one of India‚Äôs most promising consumer stories, Relaxo Footwear delivered phenomenal returns ‚Äî nearly 100x between 2010 and 2020. But recently, its stock has seen a sharp correction, falling over 70% from its peak.

In this video, we present a neutral, educational case study of Relaxo Footwear Ltd. ‚Äî exploring its remarkable journey, the factors behind its rise, the challenges it currently faces, and what could lie ahead.

‚úîÔ∏è Learn Stock Market in Simple Language: https://link.rachanaranade.com/CourseStore
For any queries drop a WhatsApp message on +919022196678
--------------------------------------------------------------------------------------------------------------
‚úîÔ∏è All Social Media Handles: https://linktr.ee/RachanaRanade
--------------------------------------------------------------------------------------------------------------
Spam-free Health/Term Insurance - https://ditto.sh/ty8y6t
____________________________________________________________________

What is covered? 
00:00 - Introduction 
02:56 - What does company do? 
04:44 - Why a massive rally? 
08:23 - What led to a downfall? 
15:51 - Management Guidance 

#CARachanaRanade #ShareMarket #fundamentalanalysis","CA Rachana Ranade,stock market basics,basics of share market,share market basics,Stock market,money,share market,fundamental analysis,Rachana,CA Rachana,Relaxo Case Study,Relaxo Footwear,Relaxo stock,Relaxo Analysis,Relaxo fall,Relaxo share,Relaxo stock analysis,Footwear industry 2025,Stocks to watch India,Indian stock market,BSE,NSE,Downfall,rally,Multibagger stocks,Finance,Profit,loss,investing,trading",48998,1374,80
UCe3qdG0A_gr-sEdat5y2twQ,CA Rachana Phadke Ranade,DZP3k2_qWZI,Jane Street Comeback | CA Rachana Ranade | #shorts,2025-07-14T15:03:32Z,"""‚Çπ4,843 CRORES! üí•
That‚Äôs the amount Jane Street just deposited to make a comeback in Indian markets!""","CA Rachana Ranade,Rachana,Sebi,sebi controversy,jane street vs sebi,stock market fraud,Indian Stock Market News,Stock Market Scam,Financial Fraud,global trading scandal,Market manipulation,Stock Market controversy,sebi vs global investors,investment scandal,options trading,trading strategy,bank nifty,top news,Shorts,trending news,penalty,SEBI order on Jane Street,quantitative trading firm,liquidity provider",47952,1223,30
UCe3qdG0A_gr-sEdat5y2twQ,CA Rachana Phadke Ranade,BphE-XjqW_Y,File Salary ITR 1 in 10 mins | 2025 | CA Rachana Ranade,2025-07-11T13:58:29Z,"‚úîÔ∏èLink for Google Form: https://forms.gle/M9atjHP4ZwawBLvp7
‚úîÔ∏èIncome Tax Website: https://www.incometax.gov.in/iec/foportal/
---------------------------------------------------------------------------------------------------------------
‚úîÔ∏è Learn Stock Market in Simple Language: https://link.rachanaranade.com/CourseStore
For any queries drop a WhatsApp message on +919022196678
--------------------------------------------------------------------------------------------------------------
‚úîÔ∏èTo open a free demat account click here: https://link.rachanaranade.com/Zerodha
‚úîÔ∏è All Social Media Handles: https://linktr.ee/RachanaRanade
--------------------------------------------------------------------------------------------------------------
Spam-free Health/Term Insurance - https://ditto.sh/ty8y6t
____________________________________________________________________

What is covered? 
00:00 - Introduction  
01:24 - What are 4 types of ITR for individuals?
02:29 - Who should file ITR ‚Äì 1? 
04:49 - Who should file ITR ‚Äì 2? 
06:16 - Which documents will you need for filing your ITR? 
07:41 - How to download AIS? 
08.47 - How to file ITR?
17:27 - How to E-verify your ITR? 


#CARachanaRanade #ShareMarket #ITR","CA Rachana Ranade,stock market basics,basics of share market,share market basics,Stock market,money,share market,Intra day,tax,profit,stocks,btst,btstt,cash,itr,taxmann,taxsutra,CA,Chartered Accountant,Tax strategy,Tax Planning,Tax Saving,Tax hacks,Tax filing,Bank Accounts,Income Tax Return,File your ITR,Tax Season,Personal Finance,How to file ITR,Tax Tips India,ITR 1,ITR 2,Old regime,New regime,E verify,ITR Types explained,2025,savings",336046,5700,364
UCe3qdG0A_gr-sEdat5y2twQ,CA Rachana Phadke Ranade,Aa2Cn_A_Cfc,Why is Nifty range-bound? | 5 Breakout Stocks | Guru Purnima Special | CA Rachana Ranade,2025-07-10T16:33:03Z,"‚úîÔ∏è Learn Stock Market in Simple Language: https://link.rachanaranade.com/CourseStore
For any queries drop a WhatsApp message on +919022196678
--------------------------------------------------------------------------------------------------------------
‚úîÔ∏èTo open a free demat account click here: https://link.rachanaranade.com/Zerodha
‚úîÔ∏è All Social Media Handles: https://linktr.ee/RachanaRanade
--------------------------------------------------------------------------------------------------------------
Spam-free Health/Term Insurance - https://ditto.sh/ty8y6t
____________________________________________________________________

What is covered? 


#CARachanaRanade #ShareMarket #gurupurnima","CA Rachana Ranade,Rachana Ranade,Finance,Stock Market,Share Market,Guru Poornima,Guru Purnima,Teacher,Finance Educator,Mentor,Entrepreneur,NSE,BSE,SENSEX,Nifty,Nifty50,Knowledge,Nifty Range Bound,Profit,Loss,Invest,Savings,Investing,Trading,JIO Blackout,Long term investing,Current updates,mutual fund,SIP,Investment serge,Banknifty,Trump tariffs,US,Global markets,economy,Har Ghar Investor,JSW,PFC,REC",33250,1673,93
UCe3qdG0A_gr-sEdat5y2twQ,CA Rachana Phadke Ranade,QWxoLyR7mEc,SME IPO Lot Size Changed | Retail Investors Alert! | CA Rachana Ranade |#shorts,2025-07-10T12:07:32Z,"üî∏ Retail is now called Individual Investor
üî∏ Min. Investment = 2 lots (~‚Çπ2 lakh+)
üî∏ ‚ùå No Cut-Off Price allowed
üî∏ ‚ùå No Bid Cancellation/Modification
üî∏ üïì Last-day bidding closes at 4PM, UPI by 5PM

üí° Stricter rules = Safer, better SME listings ahead!","CA Rachana Ranade,SME IPO,IPO Alert,Stock Market India,Retail Investor,Individual Investor,SEBI Update,IPO Investment,Finance News,Stock Market Update,invest Smart,Breaking News,Market update,Money Talks,Investor Education,Financial Literacy,Saving,Investing,Trading,UPI Payment,SME Stocks,IPO Rules,Primary Market,Wealth Creation,Grow with stocks,Hygen,AI,technology,shorts,reels",52170,838,17
UCe3qdG0A_gr-sEdat5y2twQ,CA Rachana Phadke Ranade,w0R5uuHzLH4,Gen Z & Money: Reckless Spenders or Smart Savers? | CA Rachana Ranade,2025-07-08T14:30:48Z,"In this eye-opening video, CA Rachana Ranade dives deep into the real-world saving and spending patterns of Gen Z ‚Äî not just based on online reports, but actual conversations with her team and followers. While many studies say Gen Zs spend too much and save too little, what we discovered might just surprise you!
--------------------------------------------------------------------------------------------------------------
‚úîÔ∏è Learn Stock Market in Simple Language: https://link.rachanaranade.com/CourseStore
For any queries drop a WhatsApp message on +919022196678
--------------------------------------------------------------------------------------------------------------
‚úîÔ∏èTo open a free demat account click here: https://link.rachanaranade.com/Zerodha
‚úîÔ∏è All Social Media Handles: https://linktr.ee/RachanaRanade
--------------------------------------------------------------------------------------------------------------
Spam-free Health/Term Insurance - https://ditto.sh/ty8y6t
____________________________________________________________________
What is covered? 
00:00 - Introduction 
01:33 - The Stereotype vs The Reality 
03:00 - What Changes the Mindset? 
03:58 - What Followers Said?","CA Rachana Ranade,gen z saving habits,gen z money mindset,gen z finance,gen z investment habits,how gen z spends money,saving tips for gen z,gen z vs millennials money,gen z and yolo lifestyle,financial literacy for gen z,emergency fund gen z,50 30 20 rule explained,gen z personal finance india,gen z lifestyle vs savings,money mistakes to avoid in your 20s,Investing Early,Young Investors,Money awareness,Indian Youth Finance,Investing,Spending,Attitude",17393,707,34
UCe3qdG0A_gr-sEdat5y2twQ,CA Rachana Phadke Ranade,hAjT4a7T9GQ,Mercedes GLE 450 | Gift | CA Rachana Ranade | #shorts  #dream,2025-07-07T12:50:05Z,"We got this Mercedes GLE 450 as a gift.
Not from anyone else ‚Äî we gifted it to ourselves. üéÅ

15 years ago, owning this car was just a dream.
A dream that began when we owned a Maruti 800.
It felt big‚Ä¶ bold‚Ä¶ even laughable.

But we made a conscious decision:
We won‚Äôt buy a luxury car until our capital gains (profits) from few long term stocks could fully fund it.

So we spent a lot of time in researching.
We invested in good companies.
We stayed invested.
No panic. No shortcuts. Just patience and discipline.

Eventually, our dream turned into reality.

This car isn‚Äôt just a milestone.
It‚Äôs a proof that long-term investing works.
That when you give time to your money, your money gives back.

To anyone with a big dream ‚Äî
Do your research.
Stay focused.
Invest consistently.
And trust in the power of compounding. üí™‚ú®","CA Rachana Ranade,Mercedes GLE 450,Stock Market,Share Market,Profits,Research,Analysis,Investment,long term investment,dream,big dream,couple goals,magic of compounding,wealth creation,invest smart,patience,dream big work hard,stock market success,gift,luxury,luxury car,dream car,mindset matters,financial goals,Luxury With Purpose,power of compounding,REC,importance of buying a good stocks,investing journey,goals setting,discipline pays,Consistency",1257897,30312,854
UCe3qdG0A_gr-sEdat5y2twQ,CA Rachana Phadke Ranade,zuPy2JsFx0Q,Jane street vs SEBI | Bank NIFTY Manipulated? | CA Rachana Ranade,2025-07-05T15:33:58Z,"SEBI's 105 pager interim order against Jane Street has been discussed in this video at length. Being a shoot and release video, I found out just 1 error and I don't know why I said the same thing twice that few trades were taken at 3:39 pm but actually its 3:29 pm:)
--------------------------------------------------------------------------------------------------------------
‚úîÔ∏è Learn Stock Market in Simple Language: https://link.rachanaranade.com/CourseStore
For any queries drop a WhatsApp message on +919022196678
--------------------------------------------------------------------------------------------------------------
‚úîÔ∏èTo open a free demat account click here: https://link.rachanaranade.com/Zerodha
‚úîÔ∏è All Social Media Handles: https://linktr.ee/RachanaRanade
--------------------------------------------------------------------------------------------------------------
Spam-free Health/Term Insurance - https://ditto.sh/ty8y6t
____________________________________________________________________

What is covered? 
00:00 - Introduction
02:02 - How did Jane Street manipulate Bank NIFTY? 
06:42 - SEBI Order
25:05 - Impact on Nuvama, Angel One, BSE, CDSL 


#CARachanaRanade #Jane Street #sebi","CA Rachana Ranade,stock market basics,basics of share market,share market basics,Stock market,money,share market,fundamental analysis,jane street,sebi,sebi controversy,jane street vs sebi,stock market fraud,indian stock market news,stock market scam,financial fraud,global trading scandal,market manipulation,stock market controversy,sebi vs foreign investors,investment scandal,OptionsTrading,FandO,Proprietary Trading,Trading strategy,Bank Nifty",67861,2329,252
